Workbook

Sheet UPSC_Master_Data
A1: Year | B1: Applied | C1: Appeared in Prelims | D1: Qualified for Mains | E1: Personality Test | F1: Recommended | G1: Vacancies
A2: 2019 | B2: 1135261 | C2: 576712 | D2: 11845 | E2: 2034 | F2: 829 | G2: 927
A3: 2020 | B3: 1040060 | C3: 482770 | D3: 10564 | E3: 2053 | F3: 761 | G3: 836
A4: 2021 | B4: 1093984 | C4: 508619 | D4: 9214 | E4: 1824 | F4: 685 | G4: 749
A5: 2022 | B5: 1135697 | C5: 573735 | D5: 13090 | E5: 2529 | F5: 933 | G5: 1022
A6: 2023 | B6: 1016850 | C6: 592141 | D6: 14624 | E6: 2855 | F6: 1016 | G6: 1143
A7: 2024 | B7: 992599 | C7: 583213 | D7: 14627 | E7: 2845 | F7: 1009 | G7: 1129

Sheet Calculated_Metrics
A1: Year | B1: Applied | C1: Appeared | D1: Qualified for Mains | E1: Personality Test | F1: Recommended | G1: Vacancies | H1: Appearance Rate % | I1: Prelims → Mains % | J1: Mains → Personality Test % | K1: Personality Test → Recommended % | L1: Overall Selection Rate % | M1: Selection Rate Among Appeared % | N1: Vacancy Fulfilment %
A2: 2019 | B2: =UPSC_Master_Data!B2 -> 1135261 | C2: =UPSC_Master_Data!C2 -> 576712 | D2: =UPSC_Master_Data!D2 -> 11845 | E2: =UPSC_Master_Data!E2 -> 2034 | F2: =UPSC_Master_Data!F2 -> 829 | G2: =UPSC_Master_Data!G2 -> 927 | H2: =C2/B2*100 -> 50.799948 | I2: =D2/C2*100 -> 2.0538848 | J2: =E2/D2*100 -> 17.171802 | K2: =F2/E2*100 -> 40.757129 | L2: =F2/B2*100 -> 0.073022856 | M2: =F2/C2*100 -> 0.14374593 | N2: =F2/G2*100 -> 89.428263
A3: 2020 | B3: =UPSC_Master_Data!B3 -> 1040060 | C3: =UPSC_Master_Data!C3 -> 482770 | D3: =UPSC_Master_Data!D3 -> 10564 | E3: =UPSC_Master_Data!E3 -> 2053 | F3: =UPSC_Master_Data!F3 -> 761 | G3: =UPSC_Master_Data!G3 -> 836 | H3: =C3/B3*100 -> 46.417514 | I3: =D3/C3*100 -> 2.1882056 | J3: =E3/D3*100 -> 19.433927 | K3: =F3/E3*100 -> 37.067706 | L3: =F3/B3*100 -> 0.073168856 | M3: =F3/C3*100 -> 0.157632 | N3: =F3/G3*100 -> 91.028708
A4: 2021 | B4: =UPSC_Master_Data!B4 -> 1093984 | C4: =UPSC_Master_Data!C4 -> 508619 | D4: =UPSC_Master_Data!D4 -> 9214 | E4: =UPSC_Master_Data!E4 -> 1824 | F4: =UPSC_Master_Data!F4 -> 685 | G4: =UPSC_Master_Data!G4 -> 749 | H4: =C4/B4*100 -> 46.492362 | I4: =D4/C4*100 -> 1.8115721 | J4: =E4/D4*100 -> 19.795963 | K4: =F4/E4*100 -> 37.554825 | L4: =F4/B4*100 -> 0.062615175 | M4: =F4/C4*100 -> 0.13467841 | N4: =F4/G4*100 -> 91.455274
A5: 2022 | B5: =UPSC_Master_Data!B5 -> 1135697 | C5: =UPSC_Master_Data!C5 -> 573735 | D5: =UPSC_Master_Data!D5 -> 13090 | E5: =UPSC_Master_Data!E5 -> 2529 | F5: =UPSC_Master_Data!F5 -> 933 | G5: =UPSC_Master_Data!G5 -> 1022 | H5: =C5/B5*100 -> 50.518316 | I5: =D5/C5*100 -> 2.2815411 | J5: =E5/D5*100 -> 19.320092 | K5: =F5/E5*100 -> 36.892052 | L5: =F5/B5*100 -> 0.082152194 | M5: =F5/C5*100 -> 0.16261863 | N5: =F5/G5*100 -> 91.291585
A6: 2023 | B6: =UPSC_Master_Data!B6 -> 1016850 | C6: =UPSC_Master_Data!C6 -> 592141 | D6: =UPSC_Master_Data!D6 -> 14624 | E6: =UPSC_Master_Data!E6 -> 2855 | F6: =UPSC_Master_Data!F6 -> 1016 | G6: =UPSC_Master_Data!G6 -> 1143 | H6: =C6/B6*100 -> 58.232876 | I6: =D6/C6*100 -> 2.4696821 | J6: =E6/D6*100 -> 19.522702 | K6: =F6/E6*100 -> 35.58669 | L6: =F6/B6*100 -> 0.099916409 | M6: =F6/C6*100 -> 0.17158076 | N6: =F6/G6*100 -> 88.888889
A7: 2024 | B7: =UPSC_Master_Data!B7 -> 992599 | C7: =UPSC_Master_Data!C7 -> 583213 | D7: =UPSC_Master_Data!D7 -> 14627 | E7: =UPSC_Master_Data!E7 -> 2845 | F7: =UPSC_Master_Data!F7 -> 1009 | G7: =UPSC_Master_Data!G7 -> 1129 | H7: =C7/B7*100 -> 58.756154 | I7: =D7/C7*100 -> 2.5080031 | J7: =E7/D7*100 -> 19.450332 | K7: =F7/E7*100 -> 35.465729 | L7: =F7/B7*100 -> 0.10165233 | M7: =F7/C7*100 -> 0.17300712 | N7: =F7/G7*100 -> 89.371125

Sheet Analysis
A1: Analysis Area | B1: Metric | C1: 2019 | D1: 2020 | E1: 2021 | F1: 2022 | G1: 2023 | H1: 2024
A2: Participation | B2: Applied Candidates | C2: =Calculated_Metrics!B2 -> 1135261 | D2: 1040060 | E2: 1093984 | F2: 1135697 | G2: 1016850 | H2: 992599
A3: Participation | B3: Appeared Candidates | C3: =Calculated_Metrics!C2 -> 576712 | D3: 482770 | E3: 508619 | F3: 573735 | G3: 592141 | H3: 583213
A4: Participation | B4: Appearance Rate | C4: =Calculated_Metrics!H2 -> 50.799948 | D4: 46.42 | E4: 46.49 | F4: 50.52 | G4: 58.23 | H4: 58.76
A5: Funnel | B5: Mains Qualified | C5: =Calculated_Metrics!D2 -> 11845 | D5: 10564 | E5: 9214 | F5: 13090 | G5: 14624 | H5: 14627
A6: Funnel | B6: Prelims → Mains Rate | C6: =Calculated_Metrics!I2 -> 2.0538848 | D6: 2.19 | E6: 1.81 | F6: 2.28 | G6: 2.47 | H6: 2.51
A7: Funnel | B7: Personality Test | C7: =Calculated_Metrics!E2 -> 2034 | D7: 2053 | E7: 1824 | F7: 2529 | G7: 2855 | H7: 2845
A8: Funnel | B8: Mains → Personality Test Rate | C8: =Calculated_Metrics!J2 -> 17.171802 | D8: 19.43 | E8: 19.8 | F8: 19.32 | G8: 19.52 | H8: 19.45
A9: Funnel | B9: Recommended | C9: =Calculated_Metrics!F2 -> 829 | D9: 761 | E9: 685 | F9: 933 | G9: 1016 | H9: 1009
A10: Funnel | B10: Personality Test → Recommended Rate | C10: =Calculated_Metrics!K2 -> 40.757129 | D10: 37.07 | E10: 37.55 | F10: 36.89 | G10: 35.59 | H10: 35.47
A11: Outcome | B11: Overall Selection Rate | C11: =Calculated_Metrics!L2 -> 0.073022856 | D11: 0.07 | E11: 0.06 | F11: 0.08 | G11: 0.1 | H11: 0.1
A12: Outcome | B12: Selection Rate Among Appeared | C12: =Calculated_Metrics!M2 -> 0.14374593 | D12: 0.16 | E12: 0.13 | F12: 0.16 | G12: 0.17 | H12: 0.17
A13: Outcome | B13: Vacancies | C13: =Calculated_Metrics!G2 -> 927 | D13: 836 | E13: 749 | F13: 1022 | G13: 1143 | H13: 1129
A14: Outcome | B14: Vacancy Fulfilment | C14: =Calculated_Metrics!N2 -> 89.428263 | D14: 91.03 | E14: 91.46 | F14: 91.29 | G14: 88.89 | H14: 89.37

Sheet Insights
A1: Analysis Area | B1: Key Finding | C1: Business/Analytical Interpretation
A2: Participation Trend | B2: Applications declined from 1,135,261 in 2019 to 992,599 in 2024, a reduction of approximately 12.6%. | C2: The overall applicant pool was lower in 2024 than in 2019, although participation varied substantially across individual years.
A3: Prelims Appearance | B3: The appearance rate ranged from 46.42% in 2024 to 58.76% in 2022. | C3: A substantial share of applicants did not appear for Prelims, and the participation gap varied by year.
A4: Prelims → Mains Funnel | B4: The Prelims-to-Mains qualification rate increased from 2.05% in 2019 to 2.51% in 2024, a 0.45 percentage-point increase. | C4: The transition from Prelims to Mains remained highly selective throughout the period, with 2023 recording the highest rate at 2.51%.
A5: Mains → Personality Test | B5: The Mains-to-Personality-Test rate increased from 17.17% in 2019 to 19.45% in 2024. | C5: The proportion progressing from Mains to the Personality Test showed an overall improvement between the two endpoints.
A6: Personality Test → Recommendation | B6: The recommendation rate among Personality Test candidates decreased from 40.76% in 2019 to 35.47% in 2024. | C6: Unlike the earlier funnel stages, the final conversion stage was lower in 2024 than in 2019, indicating variation in selection outcomes among candidates reaching the Personality Test.
A7: Overall Selection | B7: Overall selection increased from approximately 0.07% of applicants in 2019 to 0.10% in 2024. | C7: Despite the increase, the examination remained extremely selective, with roughly 1 recommendation per 1,000 applicants in 2024.
A8: Vacancy vs Recommendation | B8: Recommendations represented an average of 90.24% of reported vacancies during 2019–2024, ranging from 88.89% in 2023 to 91.46% in 2021. | C8: The number of recommendations broadly tracked reported vacancies, although recommendations were below the reported vacancy count in each year.
A9: 2024 Snapshot | B9: In 2024, 992,599 candidates applied, 583,213 appeared for Prelims, 14,627 qualified for Mains, 2,845 reached the Personality Test, and 1,009 were recommended. | C9: The 2024 funnel demonstrates the progressive reduction in candidates at each examination stage, from nearly one million applicants to 1,009 recommendations.

Sheet Summary_Stats
A1: Metric | B1: Average (2019–2024) | C1: Minimum | D1: Maximum | E1: Year of Minimum | F1: Year of Maximum | G1: Minimum Value | H1: Maximum value | I1: 2019 Value | J1: 2024 value | K1: Change | L1: Vacancy Fulfilment Average | M1: Lowest Year | N1: Highest Year
A2: Applied | B2: =AVERAGE(Calculated_Metrics!B2:B7) -> 1069075.2 | C2: =MIN(Calculated_Metrics!B2:B7) -> 992599 | D2: =MAX(Calculated_Metrics!B2:B7) -> 1135697 | E2: =INDEX(Calculated_Metrics!A2:A7,MATCH(C2,Calculated_Metrics!B2:B7,0)) -> 2024 | F2: =INDEX(Calculated_Metrics!A2:A7,MATCH(D2,Calculated_Metrics!B2:B7,0)) -> 2022 | L2: =AVERAGE(Calculated_Metrics!N2:N7) -> 90.243974 | M2: =INDEX(Calculated_Metrics!A2:A7,MATCH(MIN(Calculated_Metrics!N2:N7),Calculated_Metrics!N2:N7,0)) -> 2023 | N2: =INDEX(Calculated_Metrics!A2:A7,MATCH(MAX(Calculated_Metrics!N2:N7),Calculated_Metrics!N2:N7,0)) -> 2021
A3: Appeared | B3: =AVERAGE(Calculated_Metrics!C2:C7) -> 552865 | C3: =MIN(Calculated_Metrics!C2:C7) -> 482770 | D3: =MAX(Calculated_Metrics!C2:C7) -> 592141 | E3: =INDEX(Calculated_Metrics!A2:A7,MATCH(C3,Calculated_Metrics!C2:C7,0)) -> 2020 | F3: =INDEX(Calculated_Metrics!A2:A7,MATCH(D3,Calculated_Metrics!C2:C7,0)) -> 2023 | L3: Lowest Fulfilment % | M3: =MIN(Calculated_Metrics!N2:N7) -> 88.888889
A4: Appearance Rate % | B4: =AVERAGE(Calculated_Metrics!H2:H7) -> 51.869528 | C4: =MIN(Calculated_Metrics!H2:H7) -> 46.417514 | D4: =MAX(Calculated_Metrics!H2:H7) -> 58.756154 | E4: =INDEX(Calculated_Metrics!A2:A7,MATCH(C4,Calculated_Metrics!H2:H7,0)) -> 2020 | F4: =INDEX(Calculated_Metrics!A2:A7,MATCH(D4,Calculated_Metrics!H2:H7,0)) -> 2024 | G4: =C4 -> 46.417514 | H4: =D4 -> 58.756154 | I4: =Calculated_Metrics!H2 -> 50.799948 | J4: =Calculated_Metrics!H7 -> 58.756154 | K4: =J4-I4 -> 7.9562061 | L4: Highest Fulfilment % | M4: =MAX(Calculated_Metrics!N2:N7) -> 91.455274
A5: Prelims → Mains % | B5: =AVERAGE(Calculated_Metrics!I2:I7) -> 2.2188148 | C5: =MIN(Calculated_Metrics!I2:I7) -> 1.8115721 | D5: =MAX(Calculated_Metrics!I2:I7) -> 2.5080031 | E5: =INDEX(Calculated_Metrics!A2:A7,MATCH(C5,Calculated_Metrics!I2:I7,0)) -> 2021 | F5: =INDEX(Calculated_Metrics!A2:A7,MATCH(D5,Calculated_Metrics!I2:I7,0)) -> 2024 | G5: =C5 -> 1.8115721 | H5: =D5 -> 2.5080031 | I5: =Calculated_Metrics!I2 -> 2.0538848 | J5: =Calculated_Metrics!I7 -> 2.5080031 | K5: =J5-I5 -> 0.4541183
A6: Mains → Personality Test % | B6: =AVERAGE(Calculated_Metrics!J2:J7) -> 19.115803 | C6: =MIN(Calculated_Metrics!J2:J7) -> 17.171802 | D6: =MAX(Calculated_Metrics!J2:J7) -> 19.795963 | E6: =INDEX(Calculated_Metrics!A2:A7,MATCH(C6,Calculated_Metrics!J2:J7,0)) -> 2019 | F6: =INDEX(Calculated_Metrics!A2:A7,MATCH(D6,Calculated_Metrics!J2:J7,0)) -> 2021 | G6: =C6 -> 17.171802 | H6: =D6 -> 19.795963 | I6: =Calculated_Metrics!J2 -> 17.171802 | J6: =Calculated_Metrics!J7 -> 19.450332 | K6: =J6-I6 -> 2.2785291
A7: Personality Test → Recommended % | B7: =AVERAGE(Calculated_Metrics!K2:K7) -> 37.220688 | C7: =MIN(Calculated_Metrics!K2:K7) -> 35.465729 | D7: =MAX(Calculated_Metrics!K2:K7) -> 40.757129 | E7: =INDEX(Calculated_Metrics!A2:A7,MATCH(C7,Calculated_Metrics!K2:K7,0)) -> 2024 | F7: =INDEX(Calculated_Metrics!A2:A7,MATCH(D7,Calculated_Metrics!K2:K7,0)) -> 2019 | G7: =C7 -> 35.465729 | H7: =D7 -> 40.757129 | I7: =Calculated_Metrics!K2 -> 40.757129 | J7: =Calculated_Metrics!K7 -> 35.465729 | K7: =J7-I7 -> -5.2913995
A8: Overall Selection Rate % | B8: =AVERAGE(Calculated_Metrics!L2:L7) -> 0.08208797 | C8: =MIN(Calculated_Metrics!L2:L7) -> 0.062615175 | D8: =MAX(Calculated_Metrics!L2:L7) -> 0.10165233 | E8: =INDEX(Calculated_Metrics!A2:A7,MATCH(C8,Calculated_Metrics!L2:L7,0)) -> 2021 | F8: =INDEX(Calculated_Metrics!A2:A7,MATCH(D8,Calculated_Metrics!L2:L7,0)) -> 2024 | G8: =C8 -> 0.062615175 | H8: =D8 -> 0.10165233 | I8: =Calculated_Metrics!L2 -> 0.073022856 | J8: =Calculated_Metrics!L7 -> 0.10165233 | K8: =J8-I8 -> 0.028629473

Sheet Dashboard
B1: UPSC Civil Services Examination: Success Rate & Competition Analysis
C2: 2019–2024 | Business Analytics Project
B4: TOTAL APPLICATIONS | E4: AVG APPEARANCE RATE | H4: AVG OVERALL SELECTION RATE | K4: AVG VACANCY FULFILMENT
B5: =SUM(UPSC_Master_Data!B2:B7) -> 6414451 | E5: =AVERAGE(Calculated_Metrics!H2:H7) -> 51.869528 | H5: =AVERAGE(Calculated_Metrics!L2:L7) -> 0.08208797 | K5: =AVERAGE(Calculated_Metrics!N2:N7) -> 90.243974

Sheet Sources
A1: Year | B1: Metric / Data Category | C1: Source | D1: Source Type | E1: Notes
A2: 2019 | B2: Applications, Prelims participation, Mains qualification, Personality Test | D2: Official UPSC / Government | E2: To be verified against the relevant UPSC Annual Report / official release
A3: 2019 | B3: Final recommendations and vacancies | D3: Official UPSC / Government | E3: Initial vacancies and subsequent reserve-list recommendations may differ; methodology to be finalized
A4: 2020 | B4: Applications, Prelims participation, Mains qualification, Personality Test | D4: Official UPSC / Government | E4: Stage-wise figures to be verified
A5: 2020 | B5: Final recommendations and vacancies | D5: Official UPSC / Government | E5: 761 recommended against 836 reported vacancies
A6: 2021 | B6: Applications, Prelims participation, Mains qualification, Personality Test | D6: Official UPSC / Government | E6: Stage-wise figures to be verified
A7: 2021 | B7: Final recommendations and vacancies | D7: Official UPSC / Government | E7: 685 recommended against 749 reported vacancies
A8: 2022 | B8: Applications, Prelims participation, Mains qualification, Personality Test | C8: PIB | D8: Official Government | E8: 11,35,697 applied; 5,73,735 appeared; 13,090 Mains qualified; 2,529 Personality Test; 933 recommended
A9: 2022 | B9: Final recommendations and vacancies | C9: PIB | D9: Official Government | E9: 933 candidates recommended; 1,022 vacancies reported
A10: 2023 | B10: Applications, Prelims participation, Mains qualification, Personality Test | C10: PIB / UPSC | D10: Official Government / UPSC | E10: 10,16,850 applied; 5,92,141 appeared; 14,624 Mains qualified; 2,855 Personality Test; 1,016 recommended
A11: 2023 | B11: Final recommendations and vacancies | C11: PIB | D11: Official Government | E11: 1,016 candidates recommended; 1,143 vacancies reported
A12: 2024 | B12: Applications, Prelims participation, Mains qualification, Personality Test | C12: PIB / UPSC | D12: Official Government | E12: 9,92,599 applied; 5,83,213 appeared; 14,627 Mains qualified; 2,845 Personality Test; 1,009 recommended
A13: 2024 | B13: Final recommendations and vacancies | C13: PIB / UPSC | D13: Official Government | E13: 1,009 candidates recommended; 1,129 vacancies reported
